,prices,address,no_beds,baths,sqft,prices_scale,sqft_scale,predict,difference
367,425000.0, 1212 Guadalupe St APT 904 Austin TX 78701 ,2,2.0,834.0,4.25,0.834,427901.9355773926,2901.935577392578
147,700000.0, 400 Mediterra Point Austin TX 78732 ,3,2.0,1186.0,7.0,1.186,703094.5777893066,3094.5777893066406
40,375000.0, 1307 Showbox St Pflugerville TX 78660 ,1,1.0,401.0,3.75,0.401,370429.51583862305,4570.484161376953
280,699000.0, 5705 Medicine Creek Dr Austin TX 78735 ,3,2.0,2640.0,6.99,2.64,691876.2683868408,7123.73161315918
166,489000.0, 6103 Pennwood Ln Austin TX 78745 ,3,3.0,2133.0,4.89,2.133,478692.8176879883,10307.182312011719
65,249900.0, 6510 Stonleigh Pl Austin TX 78744 ,3,4.0,1826.0,2.499,1.826,263966.15505218506,14066.155052185059
317,410000.0, 9613 Holly Springs Dr Austin TX 78748 ,2,2.0,1272.0,4.1,1.272,424522.59063720703,14522.590637207031
298,825000.0, 11612 Sierra Nevada Austin TX 78759 ,5,4.0,3302.0,8.25,3.302,808395.1950073242,16604.80499267578
118,775000.0, 4805 Harmon Ave Austin TX 78751 ,4,3.0,1911.0,7.75,1.911,758314.1326904297,16685.867309570312
375,410000.0, 7337 Menchaca Rd #22 Austin TX 78745 ,2,2.0,924.0,4.1,0.924,427207.5653076172,17207.565307617188
72,495000.0, 5705 Woodrow Ave Austin TX 78756 ,3,3.0,2522.0,4.95,2.522,475691.46156311035,19308.53843688965
259,469000.0, 4802 York Hill Dr Austin TX 78723 ,1,0.4,1967.0820512820512,4.69,1.9670820512820513,488603.5919189453,19603.591918945312
334,350000.0, 2500 Enfield Rd APT 2 Austin TX 78703 ,1,1.0,484.0,3.5,0.484,369789.12353515625,19789.12353515625
74,499900.0, 2936 Persimmon Valley Trl Austin TX 78732 ,3,3.0,2041.0,4.999,2.041,479402.63748168945,20497.362518310547
377,549000.0, 1600 Barton Springs Rd UNIT 2203 Austin TX 78704 ,4,4.0,3571.0,5.49,3.571,528411.1976623535,20588.802337646484
331,725000.0, 1207 Luna St #1 Austin TX 78721 ,3,2.0,1291.0,7.25,1.291,702284.4314575195,22715.56854248047
310,450000.0, 608 Old Stone Rd Austin TX 78745 ,2,2.0,1081.0,4.5,1.081,425996.20819091797,24003.79180908203
233,950000.0, 1504 Hillmont St Austin TX 78704 ,4,2.0,2025.0,9.5,2.025,974529.8385620117,24529.83856201172
184,675000.0, 603 Davis St APT 1804 Austin TX 78701 ,3,2.0,1496.0,6.75,1.496,700702.7626037598,25702.762603759766
266,399900.0, 5900 Cannon Mountain Dr Austin TX 78749 ,2,2.0,1059.0,3.999,1.059,426165.9622192383,26265.96221923828
71,775000.0, 208 Ben Howell Dr UNIT A Austin TX 78704 ,5,4.0,3744.0,7.75,3.744,804984.8556518555,29984.85565185547
88,789000.0, 1207 Miami Dr Austin TX 78733 ,4,3.0,1902.0,7.89,1.902,758383.5601806641,30616.439819335938
158,725000.0, 4704 Menchaca Rd Austin TX 78745 ,4,3.0,1911.0,7.25,1.911,758314.1326904297,33314.13269042969
276,499000.0, 8800 Frock Ct Austin TX 78748 ,4,4.0,3056.0,4.99,3.056,532384.6817016602,33384.681701660156
47,790000.0, 10212 Shively Ln Austin TX 78747 ,4,3.0,2432.0,7.9,2.432,754294.3954467773,35705.604553222656
231,574000.0, 1501 Barton Springs Rd APT 225 Austin TX 78704 ,4,4.0,2291.0,5.74,2.291,538286.9720458984,35713.02795410156
139,525000.0, 9605 Saugus Ln Austin TX 78733 ,1,0.4,1967.0820512820512,5.25,1.9670820512820513,488603.5919189453,36396.40808105469
134,409000.0, 411 W Saint Elmo Rd APT 21 Austin TX 78745 ,1,1.0,484.0,4.09,0.484,369789.12353515625,39210.87646484375
64,539500.0, 1300 Lipan Trl Austin TX 78733 ,5,5.0,4359.0,5.395,4.359,583144.6170806885,43644.61708068848
362,470000.0, 6213 Adalee Ave Austin TX 78723 ,2,2.0,1051.0,4.7,1.051,426227.7126312256,43772.287368774414
201,655000.0, 4519 Roundup Trl Austin TX 78745 ,3,2.0,1291.0,6.55,1.291,702284.4314575195,47284.43145751953
300,475000.0, 6801 Shier Cv #A &amp; B Austin TX 78745 ,2,2.0,1101.0,4.75,1.101,425841.90368652344,49158.09631347656
110,375000.0, 4361 S Congress Ave #429 Austin TX 78745 ,2,2.0,1081.0,3.75,1.081,425996.20819091797,50996.20819091797
114,696990.0, Plan 273 Plan Highpointe: 90ft. lots ,4,3.0,3243.0,6.9699,3.243,748037.1475219727,51047.147521972656
267,650000.0, 3413 Indigo Waters Dr Austin TX 78732 ,3,2.0,1186.0,6.5,1.186,703094.5777893066,53094.57778930664
315,649000.0, 616 Montopolis Dr Austin TX 78741 ,3,2.0,1314.0,6.49,1.314,702107.0003509521,53107.00035095215
350,480000.0, 405 W North Loop Blvd #1 Austin TX 78751 ,2,2.0,1081.0,4.8,1.081,425996.20819091797,54003.79180908203
391,482500.0, 10905 Strand St Austin TX 78748 ,4,4.0,2291.0,4.825,2.291,538286.9720458984,55786.97204589844
61,539500.0, 12524 Capitol Saddlery Trl Austin TX 78732 ,3,3.0,1813.0,5.395,1.813,481161.7374420166,58338.2625579834
378,750000.0, 1605 Newfield Ln Austin TX 78703 ,5,4.0,3302.0,7.5,3.302,808395.1950073242,58395.19500732422
34,539000.0, 5707 Marchmont Ln Austin TX 78749 ,3,3.0,2041.0,5.39,2.041,479402.63748168945,59597.36251831055
225,475000.0, 7729 Kiva Dr Austin TX 78749 ,4,4.0,2599.0,4.75,2.599,535910.6063842773,60910.606384277344
297,590000.0, 2816 Oak Springs Dr #A Austin TX 78702 ,4,4.0,3571.0,5.9,3.571,528411.1976623535,61588.802337646484
20,420000.0, 1205 Showbox Austin TX 78660 ,3,3.0,1753.0,4.2,1.753,481624.698638916,61624.698638916016
215,365000.0, 10953 Colonel Winn Loop Austin TX 78748 ,2,2.0,924.0,3.65,0.924,427207.5653076172,62207.56530761719
109,415000.0, 10505 Beard Ave Austin TX 78748 ,3,3.0,1945.0,4.15,1.945,480143.30863952637,65143.30863952637
119,600000.0, 639 Catalina Ln Austin TX 78737 ,4,4.0,2943.0,6.0,2.943,533256.5307617188,66743.46923828125
149,549000.0, 9517 Prescott Dr Austin TX 78749 ,3,3.0,1945.0,5.49,1.945,480143.30863952637,68856.69136047363
52,550000.0, 149 Catalina Ln Austin TX 78737 ,3,3.0,2101.0,5.5,2.101,478939.67628479004,71060.32371520996
5,600000.0, 130 Empire Ct Austin TX 78737 ,4,4.0,3633.0,6.0,3.633,527932.8346252441,72067.16537475586
135,499900.0, 15633 Interlachen Dr Austin TX 78717 ,2,2.0,924.0,4.999,0.924,427207.5653076172,72692.43469238281
213,774900.0, 5700 Westslope Dr Austin TX 78731 ,3,2.0,1518.0,7.749,1.518,700533.0085754395,74366.99142456055
136,774000.0, 5510 Duval St Austin TX 78751 ,3,2.0,1654.0,7.74,1.654,699483.7284088135,74516.27159118652
189,405000.0, 13501 Metric Blvd #30 Austin TX 78727 ,3,3.0,1945.0,4.05,1.945,480143.30863952637,75143.30863952637
100,350000.0, 731 E Oltorf St Austin TX 78704 ,2,2.0,1101.0,3.5,1.101,425841.90368652344,75841.90368652344
186,350000.0, 11808 Hartley Cv Austin TX 78748 ,2,2.0,1059.0,3.5,1.059,426165.9622192383,76165.96221923828
154,825000.0, 6805 Jester Wild Dr Austin TX 78750 ,4,3.0,3243.0,8.25,3.243,748037.1475219727,76962.85247802734
31,725000.0, 12355 Mesa Verde Dr Austin TX 78737 ,5,4.0,3744.0,7.25,3.744,804984.8556518555,79984.85565185547
269,399000.0, 6917 Cherry Meadow Dr Austin TX 78745 ,3,3.0,1945.0,3.99,1.945,480143.30863952637,81143.30863952637
175,345000.0, 10009 Derringer Trl Austin TX 78753 ,2,2.0,924.0,3.45,0.924,427207.5653076172,82207.56530761719
241,785000.0, 4100 Bradwood Rd Austin TX 78722 ,3,2.0,1291.0,7.85,1.291,702284.4314575195,82715.56854248047
207,345000.0, 8317 Chick Pea Ln Austin TX 78748 ,2,2.0,834.0,3.45,0.834,427901.9355773926,82901.93557739258
41,390000.0, 192 Village Oak Dr Austin TX 78737 ,3,3.0,2790.0,3.9,2.79,473623.75259399414,83623.75259399414
286,395000.0, 555 E 5th St APT 725 Austin TX 78701 ,3,3.0,2133.0,3.95,2.133,478692.8176879883,83692.81768798828
271,622990.0, Plan 216 Plan Highpointe: 80ft. lots ,4,4.0,2291.0,6.2299,2.291,538286.9720458984,84703.02795410156
9,339900.0, 914 Wessex Way Austin TX 78748 ,2,2.0,1192.0,3.399,1.192,425139.80865478516,85239.80865478516
180,339990.0, The Patriot Plan Parker Station ,2,2.0,1101.0,3.3999,1.101,425841.90368652344,85851.90368652344
191,625000.0, 16301 Double Eagle Dr Austin TX 78717 ,4,4.0,2291.0,6.25,2.291,538286.9720458984,86713.02795410156
69,449900.0, 849 Cripple Creek Dr Austin TX 78758 ,5,6.0,4886.0,4.499,4.886,361983.39462280273,87916.60537719727
374,280000.0, 1800 E 4th St UNIT 202 Austin TX 78702 ,1,1.0,484.0,2.8,0.484,369789.12353515625,89789.12353515625
10,675000.0, 125 Granite Ln Austin TX 78737 ,5,5.0,4198.0,6.75,4.198,584386.8255615234,90613.17443847656
305,445000.0, 1702 S Lamar Blvd UNIT 21 Austin TX 78704 ,4,4.0,2599.0,4.45,2.599,535910.6063842773,90910.60638427734
200,599000.0, Knoll Plan Alder ,3,2.0,2640.0,5.99,2.64,691876.2683868408,92876.26838684082
85,600000.0, 12504 Silver Spur Austin TX 78727 ,3,2.0,2339.0,6.0,2.339,694198.6083984375,94198.6083984375
105,438000.0, 10713 Desert Willow Loop Austin TX 78748 ,4,4.0,2599.0,4.38,2.599,535910.6063842773,97910.60638427734
354,649000.0, Haven Plan Alder ,4,3.0,3243.0,6.49,3.243,748037.1475219727,99037.14752197266
32,575000.0, 8312 Turning Trl Austin TX 78737 ,3,3.0,2522.0,5.75,2.522,475691.46156311035,99308.53843688965
376,799000.0, 3408 Oxen Ct Austin TX 78732 ,3,2.0,1654.0,7.99,1.654,699483.7284088135,99516.27159118652
237,324990.0, 9104 Edmundsbury Dr Austin TX 78747 ,2,2.0,1272.0,3.2499,1.272,424522.59063720703,99532.59063720703
289,599900.0, 2324 Santa Maria St Austin TX 78702 ,3,2.0,1512.0,5.999,1.512,700579.3571472168,100679.3571472168
163,600000.0, 10116 Palmbrook Dr Austin TX 78717 ,3,2.0,1065.0,6.0,1.065,704028.1295776367,104028.12957763672
335,532000.0, 10448 Fm 812 Austin TX 78719 ,2,2.0,924.0,5.32,0.924,427207.5653076172,104792.43469238281
245,589000.0, 3109 Sacbe Cv Austin TX 78745 ,3,2.0,2339.0,5.89,2.339,694198.6083984375,105198.6083984375
365,800000.0, 10509 Loring Dr Austin TX 78750 ,3,2.0,2339.0,8.0,2.339,694198.6083984375,105801.3916015625
27,315000.0, 3801 Menchaca Rd #17 Austin TX 78704 ,2,3.0,1076.0,3.15,1.076,208939.57614898682,106060.42385101318
60,375000.0, 2605 Enfield Rd APT 221 Austin TX 78703 ,3,3.0,1753.0,3.75,1.753,481624.698638916,106624.69863891602
360,585000.0, 5409 Woodrow Ave APT A Austin TX 78756 ,3,2.0,2640.0,5.85,2.64,691876.2683868408,106876.26838684082
45,420000.0, 810 Sahara Ave Austin TX 78745 ,4,4.0,3633.0,4.2,3.633,527932.8346252441,107932.83462524414
167,310000.0, 1130 Walton Ln Austin TX 78721 ,2,2.0,834.0,3.1,0.834,427901.9355773926,117901.93557739258
247,310000.0, 516 E Slaughter Ln #3101 Austin TX 78744 ,2,2.0,834.0,3.1,0.834,427901.9355773926,117901.93557739258
177,410000.0, 900 Banister Ln #G Austin TX 78704 ,4,4.0,3571.0,4.1,3.571,528411.1976623535,118411.19766235352
351,415000.0, Turnbull Loop Austin TX 78717 ,4,4.0,2291.0,4.15,2.291,538286.9720458984,123286.97204589844
264,825000.0, 4202 Avenue B Austin TX 78751 ,3,2.0,1496.0,8.25,1.496,700702.7626037598,124297.23739624023
296,575000.0, 1174 Bedford St UNIT 2 Austin TX 78702 ,3,2.0,1654.0,5.75,1.654,699483.7284088135,124483.72840881348
1,349000.0, 8724 Panadero Dr Austin TX 78747 ,3,3.0,2790.0,3.49,2.79,473623.75259399414,124623.75259399414
174,495000.0, 5312 Medford Dr Austin TX 78723 ,1,1.0,484.0,4.95,0.484,369789.12353515625,125210.87646484375
11,625000.0, 15805 W Dorman Dr Austin TX 78717 ,4,3.0,2921.0,6.25,2.921,750521.5167999268,125521.51679992676
226,299900.0, 9607 Magna Carta Loop Austin TX 78754 ,2,2.0,1059.0,2.999,1.059,426165.9622192383,126265.96221923828
137,401990.0, The Grand Canyon Plan Pioneer Hill ,4,4.0,3571.0,4.0199,3.571,528411.1976623535,126421.19766235352
21,353990.0, The Denali Plan Parker Station ,3,3.0,1813.0,3.5399,1.813,481161.7374420166,127171.7374420166
347,575000.0, 3009 E 18th St Austin TX 78702 ,3,2.0,1186.0,5.75,1.186,703094.5777893066,128094.57778930664
253,829000.0, 6306 Abilene Trl Austin TX 78749 ,3,2.0,1518.0,8.29,1.518,700533.0085754395,128466.99142456055
389,350000.0, 2729 Dulce Ln UNIT 521 Austin TX 78704 ,3,3.0,1945.0,3.5,1.945,480143.30863952637,130143.30863952637
14,349900.0, 9710 Tall Tree Ln #128 Austin TX 78748 ,3,3.0,1886.0,3.499,1.886,480598.5450744629,130698.54507446289
146,295000.0, 7805 Cooper Ln UNIT 505 Austin TX 78745 ,2,2.0,1059.0,2.95,1.059,426165.9622192383,131165.96221923828
35,617990.0, Plan 215 Plan Highpointe: 80ft. lots ,4,3.0,2939.0,6.1799,2.939,750382.661819458,132392.661819458
196,399900.0, 11200 American Mustang Loop Manor TX 78724 ,4,4.0,3056.0,3.999,3.056,532384.6817016602,132484.68170166016
322,560000.0, 12321 Capitol Saddlery Trl Austin TX 78732 ,2,2.0,1051.0,5.6,1.051,426227.7126312256,133772.2873687744
48,659900.0, 9000 Zyle Rd Austin TX 78737 ,4,4.0,4361.0,6.599,4.361,522315.97900390625,137584.02099609375
257,387990.0, The Rushmore Plan Pioneer Hill ,4,4.0,3571.0,3.8799,3.571,528411.1976623535,140421.19766235352
80,549000.0, 3212 Magenta Sky Trl Austin TX 78732 ,3,2.0,2640.0,5.49,2.64,691876.2683868408,142876.26838684082
67,351990.0, The Quinn (S104) Plan Easton Park ,2,3.0,1076.0,3.5199,1.076,208939.57614898682,143050.42385101318
217,385000.0, 1102 Clayton Ln Austin TX 78723 ,4,4.0,3571.0,3.85,3.571,528411.1976623535,143411.19766235352
162,279990.0, The Denton Plan Forest Bluff ,2,2.0,1051.0,2.7999,1.051,426227.7126312256,146237.7126312256
15,499000.0, 2107 Maple Ave Austin TX 78722 ,2,1.0,750.0,4.99,0.75,645645.3323364258,146645.33233642578
209,550000.0, 4901 Allison Cv Austin TX 78741 ,3,2.0,1512.0,5.5,1.512,700579.3571472168,150579.3571472168
140,275000.0, 7412 Poinsetta Ln Austin TX 78744 ,2,2.0,1101.0,2.75,1.101,425841.90368652344,150841.90368652344
53,1180000.0, 2000 Arpdale St Austin TX 78704 ,5,3.0,2874.0,11.8,2.874,1028792.667388916,151207.33261108398
242,274999.0, 12253 Chelsea Glen Pl #C Austin TX 78753 ,2,2.0,1051.0,2.74999,1.051,426227.7126312256,151228.7126312256
155,550000.0, 181 Rock Vista Run Austin TX 78737 ,3,2.0,1314.0,5.5,1.314,702107.0003509521,152107.00035095215
126,325000.0, 7003 Woodhue Dr #A Austin TX 78745 ,3,3.0,2133.0,3.25,2.133,478692.8176879883,153692.81768798828
239,375000.0, 2702 Gettysburg Dr Austin TX 78745 ,4,4.0,2943.0,3.75,2.943,533256.5307617188,158256.53076171875
299,650000.0, 5005 Globe Mallow Dr Austin TX 78739 ,1,0.4,1967.0820512820512,6.5,1.9670820512820513,488603.5919189453,161396.4080810547
379,650000.0, 2631 Kinney Oaks Ct Austin TX 78704 ,1,0.4,1967.0820512820512,6.5,1.9670820512820513,488603.5919189453,161396.4080810547
117,585990.0, 4416 Speedway Austin TX 78751 ,2,2.0,1272.0,5.8599,1.272,424522.59063720703,161467.40936279297
395,540000.0, 311 W 5th St UNIT 707 Austin TX 78701 ,3,2.0,1314.0,5.4,1.314,702107.0003509521,162107.00035095215
238,595000.0, 2108 Tillery St #10 Austin TX 78723 ,4,3.0,1911.0,5.95,1.911,758314.1326904297,163314.1326904297
345,700000.0, 2812 Oak Springs Dr #1 Austin TX 78702 ,4,4.0,2599.0,7.0,2.599,535910.6063842773,164089.39361572266
87,260000.0, 2600 Penny Ln APT 105 Austin TX 78757 ,2,2.0,834.0,2.6,0.834,427901.9355773926,167901.93557739258
94,201450.0, 2804 S 1st St #1302 Austin TX 78704 ,1,1.0,484.0,2.0145,0.484,369789.12353515625,168339.12353515625
99,320000.0, 11114 Cameron Rd Austin TX 78754 ,1,0.4,1967.0820512820512,3.2,1.9670820512820513,488603.5919189453,168603.5919189453
278,928000.0, 222 West Ave UNIT 1814 Austin TX 78701 ,4,3.0,1911.0,9.28,1.911,758314.1326904297,169685.8673095703
294,539999.0, 2000 Westfalian Trl APT 5 Austin TX 78732 ,1,1.0,484.0,5.39999,0.484,369789.12353515625,170209.87646484375
396,360000.0, 12911 Turkey Run Austin TX 78727 ,4,4.0,3056.0,3.6,3.056,532384.6817016602,172384.68170166016
161,875000.0, 207 Lessin Ln Austin TX 78704 ,3,2.0,1291.0,8.75,1.291,702284.4314575195,172715.56854248047
51,575000.0, 9601 Pasatiempo Dr Austin TX 78717 ,4,3.0,2921.0,5.75,2.921,750521.5167999268,175521.51679992676
82,250000.0, 6810 Deatonhill Dr APT 1104 Austin TX 78745 ,2,2.0,1051.0,2.5,1.051,426227.7126312256,176227.7126312256
390,244900.0, 2213 Poquito St UNIT 316 Austin TX 78722 ,2,2.0,1081.0,2.449,1.081,425996.20819091797,181096.20819091797
319,351990.0, The Washington Plan Pioneer Hill ,4,4.0,2943.0,3.5199,2.943,533256.5307617188,181266.53076171875
256,518000.0, 14821 Crystal Spring Way Austin TX 78737 ,3,2.0,1654.0,5.18,1.654,699483.7284088135,181483.72840881348
399,350000.0, 10549 Bilbrook Pl Austin TX 78748 ,4,4.0,2943.0,3.5,2.943,533256.5307617188,183256.53076171875
12,295000.0, 8800 Wiley Way Austin TX 78747 ,3,3.0,2101.0,2.95,2.101,478939.67628479004,183939.67628479004
385,350000.0, 6103 Calmar Cv Austin TX 78721 ,4,4.0,2599.0,3.5,2.599,535910.6063842773,185910.60638427734
145,350000.0, 708 Little Oak Dr Austin TX 78753 ,4,4.0,2599.0,3.5,2.599,535910.6063842773,185910.60638427734
270,235000.0, 2200 Dickson Dr APT 108 Austin TX 78704 ,2,2.0,1081.0,2.35,1.081,425996.20819091797,190996.20819091797
22,780000.0, 174 Jayne Cv Austin TX 78737 ,5,5.0,3698.0,7.8,3.698,588244.5335388184,191755.46646118164
325,500000.0, 10807 Pinkney Ln Austin TX 78739 ,3,2.0,2339.0,5.0,2.339,694198.6083984375,194198.6083984375
208,560000.0, 6108 Dedham Ln Austin TX 78739 ,4,3.0,1902.0,5.6,1.902,758383.5601806641,198383.56018066406
190,625000.0, 4304 Andalusia Dr Austin TX 78759 ,2,2.0,1081.0,6.25,1.081,425996.20819091797,199003.79180908203
373,899998.0, 9903 Kabar Trl Austin TX 78759 ,3,2.0,1518.0,8.99998,1.518,700533.0085754395,199464.99142456055
173,500000.0, 6302 Clubway Ln Austin TX 78745 ,3,2.0,1518.0,5.0,1.518,700533.0085754395,200533.00857543945
84,549900.0, 13475 Mesa Verde Dr Austin TX 78737 ,4,3.0,2773.0,5.499,2.773,751663.3987426758,201763.39874267578
46,499900.0, 9704 Chukar Cir Austin TX 78758 ,3,2.0,1308.0,4.999,1.308,702153.3012390137,202253.30123901367
279,329900.0, 7310 Salt Springs Dr Austin TX 78744 ,4,4.0,2943.0,3.299,2.943,533256.5307617188,203356.53076171875
292,550000.0, 9116 Villa Norte Dr Austin TX 78726 ,4,3.0,2305.0,5.5,2.305,755274.248123169,205274.24812316895
252,550000.0, 8714 Fritsch Dr Austin TX 78717 ,4,3.0,2305.0,5.5,2.305,755274.248123169,205274.24812316895
339,695000.0, 321 Abbey Dr Austin TX 78737 ,1,0.4,1967.0820512820512,6.95,1.9670820512820513,488603.5919189453,206396.4080810547
236,325000.0, 9604 Night Star Dr Del Valle TX 78617 ,4,4.0,3056.0,3.25,3.056,532384.6817016602,207384.68170166016
151,329900.0, 1513 Kandinsky Bnd Pflugerville TX 78660 ,4,4.0,2291.0,3.299,2.291,538286.9720458984,208386.97204589844
380,216900.0, 2401 Manor Rd APT 203 Austin TX 78722 ,2,2.0,1101.0,2.169,1.101,425841.90368652344,208941.90368652344
0,160000.0, 3000 Guadalupe St UNIT 301 Austin TX 78705 ,1,1.0,401.0,1.6,0.401,370429.51583862305,210429.51583862305
397,210000.0, 710 E Dean Keeton St APT 109 Austin TX 78705 ,2,2.0,1272.0,2.1,1.272,424522.59063720703,214522.59063720703
195,485000.0, 1900 Barton Springs Rd UNIT 3030 Austin TX 78704 ,3,2.0,1314.0,4.85,1.314,702107.0003509521,217107.00035095215
168,540000.0, 8210 Shenandoah Dr Austin TX 78753 ,4,3.0,1902.0,5.4,1.902,758383.5601806641,218383.56018066406
349,260000.0, 9820 Flintrock Cir Austin TX 78737 ,3,3.0,1945.0,2.6,1.945,480143.30863952637,220143.30863952637
260,205000.0, 6718 Silvermine Dr APT 602 Austin TX 78736 ,2,2.0,1101.0,2.05,1.101,425841.90368652344,220841.90368652344
348,475000.0, 12732 Machete Trl Austin TX 78729 ,3,2.0,1304.0,4.75,1.304,702184.1526031494,227184.1526031494
98,579900.0, 11132 Amesite Trl Austin TX 78726 ,5,4.0,3302.0,5.799,3.302,808395.1950073242,228495.19500732422
206,250000.0, 12504 Mexicana Cv Del Valle TX 78617 ,3,3.0,2133.0,2.5,2.133,478692.8176879883,228692.81768798828
246,249000.0, Bee Cave Rd Austin TX 78746 ,3,3.0,2133.0,2.49,2.133,478692.8176879883,229692.81768798828
179,719900.0, 12304 Edwards Hollow Run Austin TX 78739 ,1,0.4,1967.0820512820512,7.199,1.9670820512820513,488603.5919189453,231296.4080810547
120,460000.0, 6512 Starstreak Dr Austin TX 78745 ,3,2.0,2640.0,4.6,2.64,691876.2683868408,231876.26838684082
28,525000.0, 9202 Norchester Ct Austin TX 78729 ,4,3.0,1908.0,5.25,1.908,758337.3069763184,233337.30697631836
282,192400.0, 6903 Deatonhill Dr APT 11 Austin TX 78745 ,2,2.0,1051.0,1.924,1.051,426227.7126312256,233827.7126312256
157,659000.0, 2601 N Quinlan Park Rd SUITE 701 Austin TX 78732 ,2,2.0,1272.0,6.59,1.272,424522.59063720703,234477.40936279297
75,514000.0, 2601 N Quinlan Park Rd SUITE 203 Austin TX 78732 ,4,3.0,2939.0,5.14,2.939,750382.661819458,236382.661819458
160,454000.0, 7713 Kiva Dr Austin TX 78749 ,3,2.0,2640.0,4.54,2.64,691876.2683868408,237876.26838684082
102,459900.0, 4517 Norman Trl Austin TX 78749 ,3,2.0,1744.0,4.599,1.744,698789.3104553223,238889.31045532227
302,459900.0, 16101 Windroot St Austin TX 78728 ,3,2.0,1744.0,4.599,1.744,698789.3104553223,238889.31045532227
311,295000.0, 4604 S 1st St Austin TX 78745 ,4,4.0,2291.0,2.95,2.291,538286.9720458984,243286.97204589844
199,289900.0, 702 Wales Way Austin TX 78748 ,4,4.0,2943.0,2.899,2.943,533256.5307617188,243356.53076171875
156,289000.0, 5513 Bradford Pear Ln Austin TX 78744 ,4,4.0,3056.0,2.89,3.056,532384.6817016602,243384.68170166016
277,179000.0, 6910 Hart Ln APT 308 Austin TX 78731 ,2,2.0,1272.0,1.79,1.272,424522.59063720703,245522.59063720703
307,949000.0, 11407 Sierra Blanca St Austin TX 78726 ,3,2.0,1186.0,9.49,1.186,703094.5777893066,245905.42221069336
243,950000.0, 2610 Oak Crest Ave Austin TX 78704 ,3,2.0,1065.0,9.5,1.065,704028.1295776367,245971.87042236328
129,450000.0, 13233 Briar Hollow Dr Austin TX 78729 ,3,2.0,1512.0,4.5,1.512,700579.3571472168,250579.3571472168
86,729900.0, 8110 Ranch Road 2222 APT 98 Austin TX 78730 ,3,3.0,2133.0,7.299,2.133,478692.8176879883,251207.18231201172
370,499000.0, 11222 Blossom Bell Dr Austin TX 78758 ,4,3.0,2896.0,4.99,2.896,750714.3974304199,251714.39743041992
171,450000.0, 11101 Hidden Bluff Dr Austin TX 78754 ,3,2.0,1291.0,4.5,1.291,702284.4314575195,252284.43145751953
291,450000.0, 1105 Holly St UNIT 2 Austin TX 78702 ,3,2.0,1291.0,4.5,1.291,702284.4314575195,252284.43145751953
55,899900.0, 7705 El Dorado Dr Austin TX 78737 ,2,1.0,750.0,8.999,0.75,645645.3323364258,254254.66766357422
44,500000.0, 902 Philco Dr #B Austin TX 78745 ,4,3.0,2320.0,5.0,2.32,755158.519744873,255158.51974487305
164,495000.0, 1601 E Cesar Chavez St APT 312 Austin TX 78702 ,4,3.0,2773.0,4.95,2.773,751663.3987426758,256663.39874267578
159,273990.0, The Bellvue Plan Forest Bluff ,4,4.0,2943.0,2.7399,2.943,533256.5307617188,259266.53076171875
221,440000.0, 908 Berrywood Dr Austin TX 78753 ,3,2.0,1663.0,4.4,1.663,699414.3009185791,259414.3009185791
232,499000.0, 9006 Brimstone Ln Austin TX 78717 ,4,3.0,1821.0,4.99,1.821,759008.5506439209,260008.5506439209
124,485000.0, 194 Lavaca Heights Dr Austin TX 78737 ,4,3.0,2773.0,4.85,2.773,751663.3987426758,266663.3987426758
24,850000.0, 2516 Lipizzan Dr Austin TX 78732 ,5,5.0,4359.0,8.5,4.359,583144.6170806885,266855.3829193115
388,434000.0, 3101 Govalle Ave #105 Austin TX 78702 ,3,2.0,1304.0,4.34,1.304,702184.1526031494,268184.1526031494
54,750000.0, 12221 Palisades Pkwy Austin TX 78732 ,3,3.0,1886.0,7.5,1.886,480598.5450744629,269401.4549255371
371,975000.0, 1516 Northwood Rd Austin TX 78703 ,3,2.0,1291.0,9.75,1.291,702284.4314575195,272715.56854248047
122,699900.0, 2103 Fortview Rd Austin TX 78704 ,2,2.0,1051.0,6.999,1.051,426227.7126312256,273672.2873687744
123,429999.0, 12509 Limerick Ave Austin TX 78727 ,3,2.0,1065.0,4.29999,1.065,704028.1295776367,274029.1295776367
97,802500.0, 12017 Portobella Dr Austin TX 78732 ,4,4.0,3571.0,8.025,3.571,528411.1976623535,274088.8023376465
197,700000.0, 7905 Crandall Rd Austin TX 78739 ,2,2.0,1272.0,7.0,1.272,424522.59063720703,275477.40936279297
320,414990.0, Rosemont II Plan Parker Station ,3,2.0,2640.0,4.1499,2.64,691876.2683868408,276886.2683868408
355,425000.0, 7825 Beauregard Cir APT 18A Austin TX 78745 ,3,2.0,1314.0,4.25,1.314,702107.0003509521,277107.00035095215
254,647000.0, 11411 Arbor Downs Rd Austin TX 78748 ,1,1.0,484.0,6.47,0.484,369789.12353515625,277210.87646484375
205,415000.0, 4409 Destinys Gate Dr Austin TX 78727 ,3,2.0,2339.0,4.15,2.339,694198.6083984375,279198.6083984375
50,303990.0, The Midland Plan Forest Bluff ,5,5.0,4198.0,3.0399,4.198,584386.8255615234,280396.82556152344
306,145000.0, 12166 Metric Blvd APT 137 Austin TX 78758 ,2,2.0,1059.0,1.45,1.059,426165.9622192383,281165.9622192383
356,249000.0, 2967 E 51st St Austin TX 78723 ,4,4.0,3056.0,2.49,3.056,532384.6817016602,283384.68170166016
138,525000.0, 9301 Silk Oak Cv Austin TX 78748 ,5,4.0,3302.0,5.25,3.302,808395.1950073242,283395.1950073242
361,415000.0, 1212 Guadalupe St APT 705 Austin TX 78701 ,3,2.0,1291.0,4.15,1.291,702284.4314575195,287284.43145751953
287,140000.0, 1840 Burton Dr APT 215 Austin TX 78741 ,2,2.0,834.0,1.4,0.834,427901.9355773926,287901.9355773926
337,240000.0, 1005 Markham Ln APT B Austin TX 78753 ,4,4.0,3571.0,2.4,3.571,528411.1976623535,288411.1976623535
332,459000.0, 13553 Anarosa Loop Austin TX 78727 ,4,3.0,2305.0,4.59,2.305,755274.248123169,296274.24812316895
106,725000.0, 360 Nueces St APT 2202 Austin TX 78701 ,2,2.0,1059.0,7.25,1.059,426165.9622192383,298834.0377807617
150,725000.0, 10404 Ember Glen Dr Austin TX 78726 ,2,2.0,1081.0,7.25,1.081,425996.20819091797,299003.79180908203
96,399999.0, 3607 Oak Creek Dr Austin TX 78727 ,3,2.0,1654.0,3.99999,1.654,699483.7284088135,299484.7284088135
108,400000.0, 7009 Millrace Dr Austin TX 78724 ,3,2.0,1304.0,4.0,1.304,702184.1526031494,302184.1526031494
251,399900.0, 2609 Monarch Dr Austin TX 78748 ,3,2.0,1291.0,3.999,1.291,702284.4314575195,302384.43145751953
244,445000.0, 311 W 5th St UNIT 706 Austin TX 78701 ,4,3.0,2773.0,4.45,2.773,751663.3987426758,306663.3987426758
272,450000.0, 806 Northwestern Ave Austin TX 78702 ,4,3.0,1821.0,4.5,1.821,759008.5506439209,309008.5506439209
301,390000.0, 1500 Miami Dr APT C Austin TX 78733 ,3,2.0,1663.0,3.9,1.663,699414.3009185791,309414.3009185791
165,384500.0, 12125 Terraza Cir TH 62 Austin TX 78726 ,3,2.0,2339.0,3.845,2.339,694198.6083984375,309698.6083984375
290,437700.0, 1121 Emmitt Run Austin TX 78721 ,4,3.0,2896.0,4.377,2.896,750714.3974304199,313014.3974304199
336,385000.0, 1105 Dexford Dr Austin TX 78753 ,3,2.0,1654.0,3.85,1.654,699483.7284088135,314483.7284088135
30,435000.0, 228 Saddleback Rd Austin TX 78737 ,4,3.0,2843.0,4.35,2.843,751123.3329772949,316123.3329772949
359,216000.0, 6904 Point North Dr Austin TX 78724 ,4,4.0,2943.0,2.16,2.943,533256.5307617188,317256.53076171875
79,380990.0, The Reagan Plan Pioneer Hill ,3,2.0,1476.0,3.8099,1.476,700857.0671081543,319867.0671081543
321,380000.0, 610 Bernstein St #14 Austin TX 78745 ,3,2.0,1291.0,3.8,1.291,702284.4314575195,322284.43145751953
95,750000.0, 42 Robert T Martinez Jr St Austin TX 78702 ,2,2.0,924.0,7.5,0.924,427207.5653076172,322792.4346923828
328,434900.0, 4501 Muskdeer Dr Austin TX 78749 ,4,3.0,1902.0,4.349,1.902,758383.5601806641,323483.56018066406
56,375000.0, 10006 Baden Ln Austin TX 78754 ,3,2.0,1650.0,3.75,1.65,699514.5797729492,324514.5797729492
130,425000.0, 6405 Middleham Pl Austin TX 78745 ,4,3.0,2896.0,4.25,2.896,750714.3974304199,325714.3974304199
182,373000.0, 1202 Oak Shadows Cir Austin TX 78758 ,3,2.0,1744.0,3.73,1.744,698789.3104553223,325789.31045532227
131,375000.0, 11417 American Mustang Loop Manor TX 78653 ,3,2.0,1291.0,3.75,1.291,702284.4314575195,327284.43145751953
227,375000.0, 7904 Swindon Ln Austin TX 78745 ,3,2.0,1186.0,3.75,1.186,703094.5777893066,328094.57778930664
132,425000.0, 13006 Wingate Way Austin TX 78727 ,4,3.0,2305.0,4.25,2.305,755274.248123169,330274.24812316895
101,369000.0, 1402 Meadgreen Cir Austin TX 78758 ,3,2.0,1663.0,3.69,1.663,699414.3009185791,330414.3009185791
115,370000.0, 4006 Kandy Dr Austin TX 78749 ,3,2.0,1314.0,3.7,1.314,702107.0003509521,332107.00035095215
33,419900.0, 800 Sand Hill Branch Dr #38 Austin TX 78748 ,4,3.0,2634.0,4.199,2.634,752735.8531951904,332835.85319519043
121,369000.0, 7505 Peccary Dr Austin TX 78744 ,3,2.0,1291.0,3.69,1.291,702284.4314575195,333284.43145751953
26,695000.0, 11100 Aragon Dr Austin TX 78759 ,5,3.0,2231.0,6.95,2.231,1033753.776550293,338753.77655029297
392,420000.0, 1212 Guadalupe St APT 402 Austin TX 78701 ,4,3.0,1821.0,4.2,1.821,759008.5506439209,339008.5506439209
343,319900.0, 1500 E Side Dr UNIT 102-B Austin TX 78704 ,2,4.0,2600.0,3.199,2.6,-19914.07871246338,339814.0787124634
89,358990.0, The Jefferson Plan Pioneer Hill ,3,2.0,1512.0,3.5899,1.512,700579.3571472168,341589.3571472168
212,1099000.0, 1411 Haskell St #1 Austin TX 78702 ,4,3.0,2305.0,10.99,2.305,755274.248123169,343725.75187683105
285,350000.0, 2933 Eckert St Austin TX 78722 ,3,2.0,2339.0,3.5,2.339,694198.6083984375,344198.6083984375
274,400000.0, 6107 Calmar Cv Austin TX 78721 ,4,3.0,3243.0,4.0,3.243,748037.1475219727,348037.14752197266
338,460000.0, 9520 Morgan Creek Dr Austin TX 78717 ,5,4.0,3302.0,4.6,3.302,808395.1950073242,348395.1950073242
341,349000.0, 6516 Berkman Dr Austin TX 78723 ,3,2.0,1663.0,3.49,1.663,699414.3009185791,350414.3009185791
93,349900.0, 8105 Boggy Ridge Dr Austin TX 78748 ,3,2.0,1518.0,3.499,1.518,700533.0085754395,350633.00857543945
57,350000.0, 14812 Avery Ranch Blvd APT 28 Austin TX 78717 ,3,2.0,1201.0,3.5,1.201,702978.8494110107,352978.84941101074
4,399990.0, The Roosevelt Plan Pioneer Hill ,4,3.0,2320.0,3.9999,2.32,755158.519744873,355168.51974487305
7,399000.0, 5845 Kleberg Trl Austin TX 78747 ,4,3.0,2432.0,3.99,2.432,754294.3954467773,355294.39544677734
178,449000.0, 40 N Interstate Highway 35 APT 6D4 Austin TX 78701 ,5,4.0,3302.0,4.49,3.302,808395.1950073242,359395.1950073242
303,340000.0, 12800 Venice Ln Austin TX 78750 ,2,4.0,2600.0,3.4,2.6,-19914.07871246338,359914.0787124634
265,175500.0, 935 La Posada Dr #133 Austin TX 78752 ,4,4.0,2599.0,1.755,2.599,535910.6063842773,360410.60638427734
144,339000.0, 4714 Cypress Bnd Austin TX 78744 ,3,2.0,1496.0,3.39,1.496,700702.7626037598,361702.76260375977
240,329990.0, 15004 Drusillas Dr Pflugerville TX 78660 ,3,2.0,2640.0,3.2999,2.64,691876.2683868408,361886.2683868408
188,339000.0, 11715 Budley S Degroot Ln Austin TX 78748 ,3,2.0,1304.0,3.39,1.304,702184.1526031494,363184.1526031494
312,395000.0, 9602 Point Vista Pl Austin TX 78753 ,4,3.0,1821.0,3.95,1.821,759008.5506439209,364008.5506439209
148,335000.0, 12105 Verchota Dr Austin TX 78748 ,3,2.0,1304.0,3.35,1.304,702184.1526031494,367184.1526031494
281,335000.0, 7907 Marble Ridge Dr Austin TX 78747 ,3,2.0,1291.0,3.35,1.291,702284.4314575195,367284.43145751953
346,795000.0, 3604 Robbins Rd Austin TX 78730 ,2,2.0,1059.0,7.95,1.059,426165.9622192383,368834.0377807617
327,799000.0, 2408 Glen Springs Way Austin TX 78741 ,2,2.0,834.0,7.99,0.834,427901.9355773926,371098.0644226074
68,385000.0, 1108 Jolena Cir Austin TX 78721 ,4,3.0,1908.0,3.85,1.908,758337.3069763184,373337.30697631836
293,325000.0, 4502 Turnstone Dr Austin TX 78744 ,3,2.0,1518.0,3.25,1.518,700533.0085754395,375533.00857543945
3,315000.0, 11732 Gaelic Dr Austin TX 78754 ,3,2.0,1704.0,3.15,1.704,699097.9671478271,384097.96714782715
363,318990.0, The Harper (S101) Plan Easton Park ,3,2.0,1065.0,3.1899,1.065,704028.1295776367,385038.1295776367
203,315000.0, 5800 Alomar Cv Del Valle TX 78617 ,3,2.0,1065.0,3.15,1.065,704028.1295776367,389028.1295776367
218,419000.0, 100 W Mockingbird Ln #202 Austin TX 78745 ,5,4.0,3302.0,4.19,3.302,808395.1950073242,389395.1950073242
16,310000.0, 2020 Wayward Sun Dr Austin TX 78754 ,3,2.0,1650.0,3.1,1.65,699514.5797729492,389514.5797729492
37,1150000.0, 3205 Locke Ln Austin TX 78704 ,4,3.0,2021.0,11.5,2.021,757465.4579162598,392534.54208374023
230,819000.0, 137 Finnel Cove Austin TX 78737 ,2,2.0,1081.0,8.19,1.081,425996.20819091797,393003.79180908203
248,360000.0, 7302 Bennett Ave #A Austin TX 78752 ,4,3.0,1902.0,3.6,1.902,758383.5601806641,398383.56018066406
318,359900.0, 11405 Ruffed Grouse Dr Austin TX 78758 ,4,3.0,1911.0,3.599,1.911,758314.1326904297,398414.1326904297
340,825000.0, 7202 Desert Rose Cv Austin TX 78750 ,2,2.0,1101.0,8.25,1.101,425841.90368652344,399158.09631347656
219,890000.0, 11025 Pairnoy Ln Austin TX 78739 ,1,0.4,1967.0820512820512,8.9,1.9670820512820513,488603.5919189453,401396.4080810547
104,299000.0, 11700 Saddle Rock Dr Austin TX 78725 ,3,2.0,1496.0,2.99,1.496,700702.7626037598,401702.76260375977
224,298990.0, Kingston Plan Forest Bluff ,3,2.0,1496.0,2.9899,1.496,700702.7626037598,401712.76260375977
73,349900.0, 1608 Denesa Dr Austin TX 78725 ,4,3.0,2634.0,3.499,2.634,752735.8531951904,402835.85319519043
262,295000.0, 8813 Winter Haven Rd Austin TX 78747 ,3,2.0,1744.0,2.95,1.744,698789.3104553223,403789.31045532227
19,298900.0, 4611 Best Way Austin TX 78725 ,3,2.0,1112.0,2.989,1.112,703665.5426025391,404765.54260253906
268,295000.0, 4702 Creek Bend Dr Austin TX 78744 ,3,2.0,1304.0,2.95,1.304,702184.1526031494,407184.1526031494
288,350000.0, 123 Thelonious Dr Austin TX 78745 ,4,3.0,1902.0,3.5,1.902,758383.5601806641,408383.56018066406
152,350000.0, 4701 Alta Loma Dr Austin TX 78749 ,4,3.0,1821.0,3.5,1.821,759008.5506439209,409008.5506439209
323,295000.0, 2023 Covered Wagon Pass Austin TX 78744 ,3,2.0,1065.0,2.95,1.065,704028.1295776367,409028.1295776367
394,339000.0, 3633 Ruby Red Dr Austin TX 78728 ,4,3.0,3243.0,3.39,3.243,748037.1475219727,409037.14752197266
92,345000.0, 9020 Bird Brook Ln Austin TX 78747 ,4,3.0,2305.0,3.45,2.305,755274.248123169,410274.24812316895
283,289900.0, 8904 Meridian Oak Ln Austin TX 78744 ,3,2.0,1065.0,2.899,1.065,704028.1295776367,414128.1295776367
329,285000.0, 303 W Garrett Run Austin TX 78753 ,3,2.0,1512.0,2.85,1.512,700579.3571472168,415579.3571472168
6,285000.0, 10008 Deer Chase Trl Austin TX 78747 ,3,2.0,1308.0,2.85,1.308,702153.3012390137,417153.3012390137
91,285000.0, 1113 Peggotty Pl Austin TX 78753 ,3,2.0,1291.0,2.85,1.291,702284.4314575195,417284.43145751953
211,284900.0, 2008 Nogales Trl Austin TX 78744 ,3,2.0,1291.0,2.849,1.291,702284.4314575195,417384.43145751953
181,279000.0, 300 Crockett St APT 101 Austin TX 78704 ,3,2.0,1663.0,2.79,1.663,699414.3009185791,420414.3009185791
304,280000.0, 2632 Century Park Blvd UNIT 76 Austin TX 78727 ,3,2.0,1496.0,2.8,1.496,700702.7626037598,420702.76260375977
204,325000.0, 11813 Terraza Cir Austin TX 78726 ,4,3.0,2773.0,3.25,2.773,751663.3987426758,426663.3987426758
8,950000.0, 3216 Wild Canyon Loop Austin TX 78732 ,4,4.0,4361.0,9.5,4.361,522315.97900390625,427684.02099609375
81,270000.0, 2316 Elara Dr Austin TX 78725 ,3,2.0,1291.0,2.7,1.291,702284.4314575195,432284.43145751953
83,270000.0, 12339 Tomanet Trl Austin TX 78758 ,3,2.0,1065.0,2.7,1.065,704028.1295776367,434028.1295776367
25,699000.0, 707 Cardinal Ln APT N-2 Austin TX 78704 ,3,4.0,1826.0,6.99,1.826,263966.15505218506,435033.84494781494
314,312990.0, The Midland Plan Tiermo ,4,3.0,3243.0,3.1299,3.243,748037.1475219727,435047.14752197266
284,315000.0, 7107 Silver Star Ln Austin TX 78744 ,4,3.0,2773.0,3.15,2.773,751663.3987426758,436663.3987426758
172,315000.0, 11126 Seay St Austin TX 78754 ,4,3.0,2305.0,3.15,2.305,755274.248123169,440274.24812316895
364,310000.0, 2200 Dickson Dr APT 218 Austin TX 78704 ,4,3.0,2773.0,3.1,2.773,751663.3987426758,441663.3987426758
308,259900.0, 6208 Walker Ln Austin TX 78741 ,3,2.0,1304.0,2.599,1.304,702184.1526031494,442284.1526031494
77,315000.0, 9308 Beechnut Dr #35 Austin TX 78748 ,4,3.0,2021.0,3.15,2.021,757465.4579162598,442465.45791625977
386,875000.0, 3001 Stokes Dr Austin TX 78702 ,2,2.0,1059.0,8.75,1.059,426165.9622192383,448834.0377807617
330,300000.0, 4361 S Congress Ave UNIT 428 Austin TX 78745 ,4,3.0,2896.0,3.0,2.896,750714.3974304199,450714.3974304199
70,300000.0, 3204 Braun Way Austin TX 78725 ,4,3.0,2843.0,3.0,2.843,751123.3329772949,451123.3329772949
18,250000.0, 15117 Bigelow Dr Austin TX 78724 ,3,2.0,1326.0,2.5,1.326,702014.4462585449,452014.4462585449
2,575000.0, 8003 Isaac Pryor Dr Austin TX 78749 ,5,3.0,3074.0,5.75,3.074,1027249.5269775391,452249.52697753906
194,295000.0, 1202 Faircrest Dr Austin TX 78753 ,4,3.0,3243.0,2.95,3.243,748037.1475219727,453037.14752197266
275,249000.0, 2510 San Gabriel St Austin TX 78705 ,3,2.0,1314.0,2.49,1.314,702107.0003509521,453107.00035095215
107,249000.0, 5215 Coppermead Ln Austin TX 78754 ,3,2.0,1186.0,2.49,1.186,703094.5777893066,454094.57778930664
38,299000.0, 5928 Abby Ann Ln Austin TX 78747 ,4,3.0,2242.0,2.99,2.242,755760.3359222412,456760.3359222412
187,245000.0, 810 Banister Ln #862 Austin TX 78704 ,3,2.0,1186.0,2.45,1.186,703094.5777893066,458094.57778930664
112,299900.0, 1202 Haverford Dr Austin TX 78753 ,4,3.0,1821.0,2.999,1.821,759008.5506439209,459108.5506439209
358,298900.0, 4611 Graceful Ln Austin TX 78725 ,4,3.0,1911.0,2.989,1.911,758314.1326904297,459414.1326904297
352,299000.0, 5328 Balcones Dr APT G Austin TX 78731 ,4,3.0,1821.0,2.99,1.821,759008.5506439209,460008.5506439209
43,235000.0, 4713 Lake George Ln #185 Austin TX 78754 ,3,2.0,1704.0,2.35,1.704,699097.9671478271,464097.96714782715
58,235000.0, 9009 North Plz UNIT 121 Austin TX 78753 ,3,2.0,1326.0,2.35,1.326,702014.4462585449,467014.4462585449
143,450000.0, 4917 Sunset Trl #A Austin TX 78745 ,2,4.0,2600.0,4.5,2.6,-19914.07871246338,469914.0787124634
192,288990.0, The Irvine Plan Forest Bluff ,4,3.0,1821.0,2.8899,1.821,759008.5506439209,470018.5506439209
78,284900.0, 9009 Sun Shower Bnd Austin TX 78724 ,4,3.0,2242.0,2.849,2.242,755760.3359222412,470860.3359222412
333,1175000.0, 715 Harris Ave Austin TX 78705 ,3,2.0,1518.0,11.75,1.518,700533.0085754395,474466.99142456055
42,550000.0, 3808 Woodchester Ln Austin TX 78727 ,5,3.0,3074.0,5.5,3.074,1027249.5269775391,477249.52697753906
234,270000.0, 4530 Best Way Austin TX 78725 ,4,3.0,3243.0,2.7,3.243,748037.1475219727,478037.14752197266
353,495000.0, 925 E 49th St Austin TX 78751 ,4,2.0,2025.0,4.95,2.025,974529.8385620117,479529.8385620117
39,219900.0, 14400 Vandever St Austin TX 78725 ,3,2.0,1476.0,2.199,1.476,700857.0671081543,480957.0671081543
398,275000.0, 3101 Davis Ln APT 8602 Austin TX 78748 ,4,3.0,1911.0,2.75,1.911,758314.1326904297,483314.1326904297
372,270000.0, 1421 Dominique Dr Austin TX 78753 ,4,3.0,2305.0,2.7,2.305,755274.248123169,485274.24812316895
142,210000.0, 1015 E Yager Ln UNIT 175 Austin TX 78753 ,3,2.0,1744.0,2.1,1.744,698789.3104553223,488789.31045532227
222,205000.0, 2401 Manor Rd APT 122 Austin TX 78722 ,3,2.0,1744.0,2.05,1.744,698789.3104553223,493789.31045532227
381,1200000.0, 1004 Lund St Austin TX 78704 ,3,2.0,1663.0,12.0,1.663,699414.3009185791,500585.6990814209
169,199900.0, 2401 Manor Rd APT 208 Austin TX 78722 ,3,2.0,1512.0,1.999,1.512,700579.3571472168,500679.3571472168
17,189000.0, 11613 Maybach Dr Del Valle TX 78617 ,3,2.0,1201.0,1.89,1.201,702978.8494110107,513978.84941101074
309,995000.0, 4405 Shoalwood Ave Austin TX 78756 ,3,3.0,1945.0,9.95,1.945,480143.30863952637,514856.69136047363
249,185000.0, 8818 Merion Cir Austin TX 78754 ,3,2.0,1512.0,1.85,1.512,700579.3571472168,515579.3571472168
344,185000.0, 6111 Softwood Dr Austin TX 78744 ,3,2.0,1496.0,1.85,1.496,700702.7626037598,515702.76260375977
210,225000.0, 12513 Mexicana Cv Del Valle TX 78617 ,4,3.0,2896.0,2.25,2.896,750714.3974304199,525714.3974304199
36,450000.0, 2600 Highland Haven Dr Austin TX 78725 ,4,2.0,1779.0,4.5,1.779,976427.8411865234,526427.8411865234
214,899000.0, 1001 N Cuernavaca Dr Austin TX 78733 ,1,1.0,484.0,8.99,0.484,369789.12353515625,529210.8764648438
128,220000.0, 6700 Cooper Ln APT 41 Austin TX 78745 ,4,3.0,1902.0,2.2,1.902,758383.5601806641,538383.5601806641
382,1250000.0, 2104 Winsted Ln Austin TX 78703 ,3,2.0,1744.0,12.5,1.744,698789.3104553223,551210.6895446777
258,253000.0, 5332 Balcones Dr APT D Austin TX 78731 ,5,4.0,3302.0,2.53,3.302,808395.1950073242,555395.1950073242
223,540000.0, 5416 Agatha Cir Austin TX 78724 ,2,4.0,2600.0,5.4,2.6,-19914.07871246338,559914.0787124634
216,139000.0, 1308 Applegate Dr E Austin TX 78753 ,3,2.0,1654.0,1.39,1.654,699483.7284088135,560483.7284088135
141,1280000.0, 2109 Real Catorce Dr Austin TX 78746 ,3,2.0,1663.0,12.8,1.663,699414.3009185791,580585.6990814209
368,175000.0, 1411 Gracy Farms Ln APT 134 Austin TX 78758 ,4,3.0,1902.0,1.75,1.902,758383.5601806641,583383.5601806641
273,390000.0, 2001 Faro Dr APT 42 Austin TX 78741 ,4,2.0,2025.0,3.9,2.025,974529.8385620117,584529.8385620117
342,110000.0, 5803 J F K Dr Austin TX 78724 ,3,2.0,1744.0,1.1,1.744,698789.3104553223,588789.3104553223
113,384990.0, The Independence Plan Parker Station ,4,2.0,2025.0,3.8499,2.025,974529.8385620117,589539.8385620117
261,100000.0, 6133 Old Fredericksbrg Rd Austin TX 78749 ,3,2.0,1663.0,1.0,1.663,699414.3009185791,599414.3009185791
228,1325000.0, 2202 Montclaire St Austin TX 78704 ,3,2.0,1304.0,13.25,1.304,702184.1526031494,622815.8473968506
13,399900.0, 11312 Dawes Pl Austin TX 78754 ,5,3.0,2874.0,3.999,2.874,1028792.667388916,628892.667388916
183,626704.0, 7915 Ryans Way Austin TX 78726 ,2,4.0,2600.0,6.26704,2.6,-19914.07871246338,646618.0787124634
263,645000.0, 3811 Half Penny Rd Austin TX 78722 ,2,4.0,2600.0,6.45,2.6,-19914.07871246338,664914.0787124634
90,1425000.0, 2502 Ellise Ave Austin TX 78757 ,4,3.0,2896.0,14.25,2.896,750714.3974304199,674285.6025695801
76,299900.0, 11229 Liberty Farms Dr Austin TX 78754 ,4,2.0,1779.0,2.999,1.779,976427.8411865234,676527.8411865234
313,287990.0, The Denton Plan Tiermo ,4,2.0,2025.0,2.8799,2.025,974529.8385620117,686539.8385620117
235,1400000.0, 52 Waller St APT B Austin TX 78702 ,3,2.0,1314.0,14.0,1.314,702107.0003509521,697892.9996490479
133,1400000.0, 11512 Eagles Glen Dr Austin TX 78732 ,3,2.0,1518.0,14.0,1.518,700533.0085754395,699466.9914245605
193,250000.0, 1514 Parker Ln APT 208 Austin TX 78741 ,4,2.0,2025.0,2.5,2.025,974529.8385620117,724529.8385620117
66,305000.0, 1207 Faircrest Dr Austin TX 78753 ,5,3.0,2231.0,3.05,2.231,1033753.776550293,728753.776550293
383,720000.0, 9513 Prescott Dr Austin TX 78749 ,2,4.0,2600.0,7.2,2.6,-19914.07871246338,739914.0787124634
393,219000.0, 1015 E Yager Ln UNIT 209 Austin TX 78753 ,4,2.0,2025.0,2.19,2.025,974529.8385620117,755529.8385620117
127,1250000.0, 4505 Mountain Path Dr Austin TX 78759 ,2,2.0,834.0,12.5,0.834,427901.9355773926,822098.0644226074
366,1395000.0, 2104 La Casa Dr #B Austin TX 78704 ,3,3.0,2133.0,13.95,2.133,478692.8176879883,916307.1823120117
103,900000.0, 3601 Oak Springs Dr Austin TX 78721 ,2,4.0,2600.0,9.0,2.6,-19914.07871246338,919914.0787124634
387,1650000.0, 1 Liberty St Austin TX 78705 ,3,2.0,1186.0,16.5,1.186,703094.5777893066,946905.4222106934
198,1724990.0, 3728 Josh Ln Austin TX 78730 ,4,3.0,1911.0,17.2499,1.911,758314.1326904297,966675.8673095703
357,1395000.0, 904 James St Austin TX 78704 ,2,2.0,1272.0,13.95,1.272,424522.59063720703,970477.409362793
295,1400000.0, 509 Krebs Ln Austin TX 78704 ,2,2.0,924.0,14.0,0.924,427207.5653076172,972792.4346923828
125,1695000.0, 1801 Carlotta Ln Austin TX 78733 ,3,2.0,2339.0,16.95,2.339,694198.6083984375,1000801.3916015625
384,1795000.0, 4512 Rosedale Ave Austin TX 78756 ,3,2.0,1496.0,17.95,1.496,700702.7626037598,1094297.2373962402
324,1999999.0, 10001 Thaxton Rd Austin TX 78747 ,4,3.0,2773.0,19.99999,2.773,751663.3987426758,1248335.6012573242
255,1695000.0, 4904 Balcones Dr Austin TX 78731 ,2,2.0,924.0,16.95,0.924,427207.5653076172,1267792.4346923828
29,1678000.0, 2500 University Club Dr Austin TX 78732 ,5,6.0,4886.0,16.78,4.886,361983.39462280273,1316016.6053771973
111,1895000.0, 617 Blanco St Austin TX 78703 ,4,4.0,2291.0,18.95,2.291,538286.9720458984,1356713.0279541016
116,1895000.0, 701 Highland Ave Austin TX 78703 ,4,4.0,3056.0,18.95,3.056,532384.6817016602,1362615.3182983398
220,1850000.0, 2415 Hartford Rd #A Austin TX 78703 ,2,2.0,1101.0,18.5,1.101,425841.90368652344,1424158.0963134766
185,1995000.0, 701 Norwalk Ln Austin TX 78703 ,4,4.0,2599.0,19.95,2.599,535910.6063842773,1459089.3936157227
202,1899900.0, 1106 Algarita Ave Austin TX 78704 ,2,2.0,1051.0,18.999,1.051,426227.7126312256,1473672.2873687744
49,1995000.0, 11401 Eagles Glen Dr Austin TX 78732 ,2,2.0,1192.0,19.95,1.192,425139.80865478516,1569860.1913452148
316,2300000.0, 2508 Pecos St Austin TX 78703 ,4,4.0,3056.0,23.0,3.056,532384.6817016602,1767615.3182983398
63,230000.0, 12309 Furrow Cv APT B Austin TX 78753 ,8,1.0,1967.0820512820512,2.3,1.9670820512820513,2303705.9783935547,2073705.9783935547
62,2790000.0, 1306 Darter Ln Austin TX 78746 ,5,5.0,3698.0,27.9,3.698,588244.5335388184,2201755.4664611816
153,3195000.0, 3303 Hickory Creek Cv Austin TX 78735 ,4,2.0,2025.0,31.95,2.025,974529.8385620117,2220470.1614379883
229,3500000.0, 14116 Flat Top Ranch Rd Austin TX 78732 ,3,3.0,1945.0,35.0,1.945,480143.30863952637,3019856.6913604736
369,3890000.0, 1005 N Weston Ln Austin TX 78733 ,3,2.0,1512.0,38.9,1.512,700579.3571472168,3189420.642852783
170,3980000.0, 12915 Shore Vista Dr Austin TX 78732 ,4,3.0,2896.0,39.8,2.896,750714.3974304199,3229285.60256958
326,3950000.0, 4511 Balcones Dr Austin TX 78731 ,3,3.0,2133.0,39.5,2.133,478692.8176879883,3471307.1823120117
250,5950000.0, 5404 Maryanna Dr Austin TX 78746 ,4,3.0,2896.0,59.5,2.896,750714.3974304199,5199285.60256958
176,5900000.0, 2300 Portofino Ridge Dr Austin TX 78735 ,3,2.0,1654.0,59.0,1.654,699483.7284088135,5200516.2715911865
59,6500000.0, 1855 Westlake Dr Austin TX 78746 ,3,2.0,1112.0,65.0,1.112,703665.5426025391,5796334.457397461
23,10995000.0, 1607 Manana St Austin TX 78730 ,8,1.0,1967.0820512820512,109.95,1.9670820512820513,2303705.9783935547,8691294.021606445
